scaler,params,accuracy
standard,"{'activation': 'tanh', 'hidden_layer_sizes': (274, 177, 129, 94, 242, 55, 220)}",0.9333333333333333
standard,"{'activation': 'tanh', 'hidden_layer_sizes': (274, 177, 129, 94, 242, 55, 4)}",0.9277777777777778
standard,"{'activation': 'tanh', 'hidden_layer_sizes': (274, 177, 129, 94, 242, 55, 79)}",0.9266666666666666
standard,"{'activation': 'tanh', 'hidden_layer_sizes': (274, 177, 129, 94, 242, 55, 88)}",0.9266666666666666
standard,"{'activation': 'tanh', 'hidden_layer_sizes': (274, 177, 129, 94, 242, 55, 146)}",0.9255555555555556
standard,"{'activation': 'tanh', 'hidden_layer_sizes': (274, 177, 129, 94, 242, 55, 151)}",0.9255555555555556
standard,"{'activation': 'tanh', 'hidden_layer_sizes': (274, 177, 129, 94, 242, 55, 169)}",0.9255555555555556
standard,"{'activation': 'tanh', 'hidden_layer_sizes': (274, 177, 129, 94, 242, 55, 227)}",0.9255555555555556
standard,"{'activation': 'tanh', 'hidden_layer_sizes': (274, 177, 129, 94, 242, 55, 61)}",0.9244444444444444
standard,"{'activation': 'tanh', 'hidden_layer_sizes': (274, 177, 129, 94, 242, 55, 92)}",0.9244444444444444
standard,"{'activation': 'tanh', 'hidden_layer_sizes': (274, 177, 129, 94, 242, 55, 132)}",0.9244444444444444
standard,"{'activation': 'tanh', 'hidden_layer_sizes': (274, 177, 129, 94, 242, 55, 164)}",0.9244444444444444
standard,"{'activation': 'tanh', 'hidden_layer_sizes': (274, 177, 129, 94, 242, 55, 51)}",0.9233333333333333
standard,"{'activation': 'tanh', 'hidden_layer_sizes': (274, 177, 129, 94, 242, 55, 52)}",0.9233333333333333
standard,"{'activation': 'tanh', 'hidden_layer_sizes': (274, 177, 129, 94, 242, 55, 136)}",0.9233333333333333
standard,"{'activation': 'tanh', 'hidden_layer_sizes': (274, 177, 129, 94, 242, 55, 144)}",0.9233333333333333
standard,"{'activation': 'tanh', 'hidden_layer_sizes': (274, 177, 129, 94, 242, 55, 170)}",0.9233333333333333
standard,"{'activation': 'tanh', 'hidden_layer_sizes': (274, 177, 129, 94, 242, 55, 174)}",0.9233333333333333
standard,"{'activation': 'tanh', 'hidden_layer_sizes': (274, 177, 129, 94, 242, 55, 176)}",0.9233333333333333
standard,"{'activation': 'tanh', 'hidden_layer_sizes': (274, 177, 129, 94, 242, 55, 224)}",0.9233333333333333
standard,"{'activation': 'tanh', 'hidden_layer_sizes': (274, 177, 129, 94, 242, 55, 243)}",0.9233333333333333
standard,"{'activation': 'tanh', 'hidden_layer_sizes': (274, 177, 129, 94, 242, 55, 256)}",0.9233333333333333
standard,"{'activation': 'tanh', 'hidden_layer_sizes': (274, 177, 129, 94, 242, 55, 275)}",0.9233333333333333
standard,"{'activation': 'tanh', 'hidden_layer_sizes': (274, 177, 129, 94, 242, 55, 16)}",0.9222222222222223
standard,"{'activation': 'tanh', 'hidden_layer_sizes': (274, 177, 129, 94, 242, 55, 18)}",0.9222222222222223
standard,"{'activation': 'tanh', 'hidden_layer_sizes': (274, 177, 129, 94, 242, 55, 255)}",0.9222222222222223
standard,"{'activation': 'tanh', 'hidden_layer_sizes': (274, 177, 129, 94, 242, 55, 269)}",0.9222222222222223
standard,"{'activation': 'tanh', 'hidden_layer_sizes': (274, 177, 129, 94, 242, 55, 279)}",0.9222222222222223
standard,"{'activation': 'tanh', 'hidden_layer_sizes': (274, 177, 129, 94, 242, 55, 90)}",0.9211111111111111
standard,"{'activation': 'tanh', 'hidden_layer_sizes': (274, 177, 129, 94, 242, 55, 294)}",0.9211111111111111
standard,"{'activation': 'tanh', 'hidden_layer_sizes': (274, 177, 129, 94, 242, 55, 35)}",0.92
standard,"{'activation': 'tanh', 'hidden_layer_sizes': (274, 177, 129, 94, 242, 55, 57)}",0.92
standard,"{'activation': 'tanh', 'hidden_layer_sizes': (274, 177, 129, 94, 242, 55, 58)}",0.92
standard,"{'activation': 'tanh', 'hidden_layer_sizes': (274, 177, 129, 94, 242, 55, 126)}",0.92
standard,"{'activation': 'tanh', 'hidden_layer_sizes': (274, 177, 129, 94, 242, 55, 186)}",0.92
standard,"{'activation': 'tanh', 'hidden_layer_sizes': (274, 177, 129, 94, 242, 55, 25)}",0.9188888888888889
standard,"{'activation': 'tanh', 'hidden_layer_sizes': (274, 177, 129, 94, 242, 55, 72)}",0.9188888888888889
standard,"{'activation': 'tanh', 'hidden_layer_sizes': (274, 177, 129, 94, 242, 55, 85)}",0.9188888888888889
standard,"{'activation': 'tanh', 'hidden_layer_sizes': (274, 177, 129, 94, 242, 55, 141)}",0.9188888888888889
standard,"{'activation': 'tanh', 'hidden_layer_sizes': (274, 177, 129, 94, 242, 55, 152)}",0.9188888888888889
standard,"{'activation': 'tanh', 'hidden_layer_sizes': (274, 177, 129, 94, 242, 55, 202)}",0.9188888888888889
standard,"{'activation': 'tanh', 'hidden_layer_sizes': (274, 177, 129, 94, 242, 55, 204)}",0.9188888888888889
standard,"{'activation': 'tanh', 'hidden_layer_sizes': (274, 177, 129, 94, 242, 55, 3)}",0.9177777777777778
standard,"{'activation': 'tanh', 'hidden_layer_sizes': (274, 177, 129, 94, 242, 55, 91)}",0.9177777777777778
standard,"{'activation': 'tanh', 'hidden_layer_sizes': (274, 177, 129, 94, 242, 55, 125)}",0.9177777777777778
standard,"{'activation': 'tanh', 'hidden_layer_sizes': (274, 177, 129, 94, 242, 55, 133)}",0.9177777777777778
standard,"{'activation': 'tanh', 'hidden_layer_sizes': (274, 177, 129, 94, 242, 55, 212)}",0.9177777777777778
standard,"{'activation': 'tanh', 'hidden_layer_sizes': (274, 177, 129, 94, 242, 55, 263)}",0.9177777777777778
standard,"{'activation': 'tanh', 'hidden_layer_sizes': (274, 177, 129, 94, 242, 55, 15)}",0.9166666666666666
standard,"{'activation': 'tanh', 'hidden_layer_sizes': (274, 177, 129, 94, 242, 55, 48)}",0.9166666666666666
standard,"{'activation': 'tanh', 'hidden_layer_sizes': (274, 177, 129, 94, 242, 55, 121)}",0.9166666666666666
standard,"{'activation': 'tanh', 'hidden_layer_sizes': (274, 177, 129, 94, 242, 55, 127)}",0.9166666666666666
standard,"{'activation': 'tanh', 'hidden_layer_sizes': (274, 177, 129, 94, 242, 55, 159)}",0.9166666666666666
standard,"{'activation': 'tanh', 'hidden_layer_sizes': (274, 177, 129, 94, 242, 55, 265)}",0.9166666666666666
standard,"{'activation': 'tanh', 'hidden_layer_sizes': (274, 177, 129, 94, 242, 55, 266)}",0.9166666666666666
standard,"{'activation': 'tanh', 'hidden_layer_sizes': (274, 177, 129, 94, 242, 55, 277)}",0.9166666666666666
standard,"{'activation': 'tanh', 'hidden_layer_sizes': (274, 177, 129, 94, 242, 55, 24)}",0.9155555555555556
standard,"{'activation': 'tanh', 'hidden_layer_sizes': (274, 177, 129, 94, 242, 55, 38)}",0.9155555555555556
standard,"{'activation': 'tanh', 'hidden_layer_sizes': (274, 177, 129, 94, 242, 55, 65)}",0.9155555555555556
standard,"{'activation': 'tanh', 'hidden_layer_sizes': (274, 177, 129, 94, 242, 55, 69)}",0.9155555555555556
standard,"{'activation': 'tanh', 'hidden_layer_sizes': (274, 177, 129, 94, 242, 55, 175)}",0.9155555555555556
standard,"{'activation': 'tanh', 'hidden_layer_sizes': (274, 177, 129, 94, 242, 55, 187)}",0.9155555555555556
standard,"{'activation': 'tanh', 'hidden_layer_sizes': (274, 177, 129, 94, 242, 55, 273)}",0.9155555555555556
standard,"{'activation': 'tanh', 'hidden_layer_sizes': (274, 177, 129, 94, 242, 55, 62)}",0.9144444444444444
standard,"{'activation': 'tanh', 'hidden_layer_sizes': (274, 177, 129, 94, 242, 55, 78)}",0.9144444444444444
standard,"{'activation': 'tanh', 'hidden_layer_sizes': (274, 177, 129, 94, 242, 55, 99)}",0.9144444444444444
standard,"{'activation': 'tanh', 'hidden_layer_sizes': (274, 177, 129, 94, 242, 55, 101)}",0.9144444444444444
standard,"{'activation': 'tanh', 'hidden_layer_sizes': (274, 177, 129, 94, 242, 55, 128)}",0.9144444444444444
standard,"{'activation': 'tanh', 'hidden_layer_sizes': (274, 177, 129, 94, 242, 55, 160)}",0.9144444444444444
standard,"{'activation': 'tanh', 'hidden_layer_sizes': (274, 177, 129, 94, 242, 55, 184)}",0.9144444444444444
standard,"{'activation': 'tanh', 'hidden_layer_sizes': (274, 177, 129, 94, 242, 55, 235)}",0.9144444444444444
standard,"{'activation': 'tanh', 'hidden_layer_sizes': (274, 177, 129, 94, 242, 55, 290)}",0.9144444444444444
standard,"{'activation': 'tanh', 'hidden_layer_sizes': (274, 177, 129, 94, 242, 55, 28)}",0.9133333333333333
standard,"{'activation': 'tanh', 'hidden_layer_sizes': (274, 177, 129, 94, 242, 55, 96)}",0.9133333333333333
standard,"{'activation': 'tanh', 'hidden_layer_sizes': (274, 177, 129, 94, 242, 55, 110)}",0.9133333333333333
standard,"{'activation': 'tanh', 'hidden_layer_sizes': (274, 177, 129, 94, 242, 55, 134)}",0.9133333333333333
standard,"{'activation': 'tanh', 'hidden_layer_sizes': (274, 177, 129, 94, 242, 55, 168)}",0.9133333333333333
standard,"{'activation': 'tanh', 'hidden_layer_sizes': (274, 177, 129, 94, 242, 55, 183)}",0.9133333333333333
standard,"{'activation': 'tanh', 'hidden_layer_sizes': (274, 177, 129, 94, 242, 55, 203)}",0.9133333333333333
standard,"{'activation': 'tanh', 'hidden_layer_sizes': (274, 177, 129, 94, 242, 55, 206)}",0.9133333333333333
standard,"{'activation': 'tanh', 'hidden_layer_sizes': (274, 177, 129, 94, 242, 55, 214)}",0.9133333333333333
standard,"{'activation': 'tanh', 'hidden_layer_sizes': (274, 177, 129, 94, 242, 55, 232)}",0.9133333333333333
standard,"{'activation': 'tanh', 'hidden_layer_sizes': (274, 177, 129, 94, 242, 55, 7)}",0.9122222222222223
standard,"{'activation': 'tanh', 'hidden_layer_sizes': (274, 177, 129, 94, 242, 55, 11)}",0.9122222222222223
standard,"{'activation': 'tanh', 'hidden_layer_sizes': (274, 177, 129, 94, 242, 55, 53)}",0.9122222222222223
standard,"{'activation': 'tanh', 'hidden_layer_sizes': (274, 177, 129, 94, 242, 55, 63)}",0.9122222222222223
standard,"{'activation': 'tanh', 'hidden_layer_sizes': (274, 177, 129, 94, 242, 55, 68)}",0.9122222222222223
standard,"{'activation': 'tanh', 'hidden_layer_sizes': (274, 177, 129, 94, 242, 55, 94)}",0.9122222222222223
standard,"{'activation': 'tanh', 'hidden_layer_sizes': (274, 177, 129, 94, 242, 55, 106)}",0.9122222222222223
standard,"{'activation': 'tanh', 'hidden_layer_sizes': (274, 177, 129, 94, 242, 55, 111)}",0.9122222222222223
standard,"{'activation': 'tanh', 'hidden_layer_sizes': (274, 177, 129, 94, 242, 55, 135)}",0.9122222222222223
standard,"{'activation': 'tanh', 'hidden_layer_sizes': (274, 177, 129, 94, 242, 55, 247)}",0.9122222222222223
standard,"{'activation': 'tanh', 'hidden_layer_sizes': (274, 177, 129, 94, 242, 55, 283)}",0.9122222222222223
standard,"{'activation': 'tanh', 'hidden_layer_sizes': (274, 177, 129, 94, 242, 55, 33)}",0.9111111111111111
standard,"{'activation': 'tanh', 'hidden_layer_sizes': (274, 177, 129, 94, 242, 55, 180)}",0.9111111111111111
standard,"{'activation': 'tanh', 'hidden_layer_sizes': (274, 177, 129, 94, 242, 55, 222)}",0.9111111111111111
standard,"{'activation': 'tanh', 'hidden_layer_sizes': (274, 177, 129, 94, 242, 55, 233)}",0.9111111111111111
standard,"{'activation': 'tanh', 'hidden_layer_sizes': (274, 177, 129, 94, 242, 55, 242)}",0.9111111111111111
standard,"{'activation': 'tanh', 'hidden_layer_sizes': (274, 177, 129, 94, 242, 55, 248)}",0.9111111111111111
standard,"{'activation': 'tanh', 'hidden_layer_sizes': (274, 177, 129, 94, 242, 55, 258)}",0.9111111111111111
standard,"{'activation': 'tanh', 'hidden_layer_sizes': (274, 177, 129, 94, 242, 55, 20)}",0.91
standard,"{'activation': 'tanh', 'hidden_layer_sizes': (274, 177, 129, 94, 242, 55, 40)}",0.91
standard,"{'activation': 'tanh', 'hidden_layer_sizes': (274, 177, 129, 94, 242, 55, 76)}",0.91
standard,"{'activation': 'tanh', 'hidden_layer_sizes': (274, 177, 129, 94, 242, 55, 82)}",0.91
standard,"{'activation': 'tanh', 'hidden_layer_sizes': (274, 177, 129, 94, 242, 55, 118)}",0.91
standard,"{'activation': 'tanh', 'hidden_layer_sizes': (274, 177, 129, 94, 242, 55, 158)}",0.91
standard,"{'activation': 'tanh', 'hidden_layer_sizes': (274, 177, 129, 94, 242, 55, 239)}",0.91
standard,"{'activation': 'tanh', 'hidden_layer_sizes': (274, 177, 129, 94, 242, 55, 257)}",0.91
standard,"{'activation': 'tanh', 'hidden_layer_sizes': (274, 177, 129, 94, 242, 55, 104)}",0.9088888888888889
standard,"{'activation': 'tanh', 'hidden_layer_sizes': (274, 177, 129, 94, 242, 55, 120)}",0.9088888888888889
standard,"{'activation': 'tanh', 'hidden_layer_sizes': (274, 177, 129, 94, 242, 55, 161)}",0.9088888888888889
standard,"{'activation': 'tanh', 'hidden_layer_sizes': (274, 177, 129, 94, 242, 55, 166)}",0.9088888888888889
standard,"{'activation': 'tanh', 'hidden_layer_sizes': (274, 177, 129, 94, 242, 55, 189)}",0.9088888888888889
standard,"{'activation': 'tanh', 'hidden_layer_sizes': (274, 177, 129, 94, 242, 55, 195)}",0.9088888888888889
standard,"{'activation': 'tanh', 'hidden_layer_sizes': (274, 177, 129, 94, 242, 55, 200)}",0.9088888888888889
standard,"{'activation': 'tanh', 'hidden_layer_sizes': (274, 177, 129, 94, 242, 55, 213)}",0.9088888888888889
standard,"{'activation': 'tanh', 'hidden_layer_sizes': (274, 177, 129, 94, 242, 55, 215)}",0.9088888888888889
standard,"{'activation': 'tanh', 'hidden_layer_sizes': (274, 177, 129, 94, 242, 55, 225)}",0.9088888888888889
standard,"{'activation': 'tanh', 'hidden_layer_sizes': (274, 177, 129, 94, 242, 55, 250)}",0.9088888888888889
standard,"{'activation': 'tanh', 'hidden_layer_sizes': (274, 177, 129, 94, 242, 55, 272)}",0.9088888888888889
standard,"{'activation': 'tanh', 'hidden_layer_sizes': (274, 177, 129, 94, 242, 55, 287)}",0.9088888888888889
standard,"{'activation': 'tanh', 'hidden_layer_sizes': (274, 177, 129, 94, 242, 55, 298)}",0.9088888888888889
standard,"{'activation': 'tanh', 'hidden_layer_sizes': (274, 177, 129, 94, 242, 55, 300)}",0.9088888888888889
standard,"{'activation': 'tanh', 'hidden_layer_sizes': (274, 177, 129, 94, 242, 55, 31)}",0.9077777777777778
standard,"{'activation': 'tanh', 'hidden_layer_sizes': (274, 177, 129, 94, 242, 55, 41)}",0.9077777777777778
standard,"{'activation': 'tanh', 'hidden_layer_sizes': (274, 177, 129, 94, 242, 55, 49)}",0.9077777777777778
standard,"{'activation': 'tanh', 'hidden_layer_sizes': (274, 177, 129, 94, 242, 55, 64)}",0.9077777777777778
standard,"{'activation': 'tanh', 'hidden_layer_sizes': (274, 177, 129, 94, 242, 55, 108)}",0.9077777777777778
standard,"{'activation': 'tanh', 'hidden_layer_sizes': (274, 177, 129, 94, 242, 55, 130)}",0.9077777777777778
standard,"{'activation': 'tanh', 'hidden_layer_sizes': (274, 177, 129, 94, 242, 55, 163)}",0.9077777777777778
standard,"{'activation': 'tanh', 'hidden_layer_sizes': (274, 177, 129, 94, 242, 55, 165)}",0.9077777777777778
standard,"{'activation': 'tanh', 'hidden_layer_sizes': (274, 177, 129, 94, 242, 55, 271)}",0.9077777777777778
standard,"{'activation': 'tanh', 'hidden_layer_sizes': (274, 177, 129, 94, 242, 55, 2)}",0.9066666666666666
standard,"{'activation': 'tanh', 'hidden_layer_sizes': (274, 177, 129, 94, 242, 55, 14)}",0.9066666666666666
standard,"{'activation': 'tanh', 'hidden_layer_sizes': (274, 177, 129, 94, 242, 55, 102)}",0.9066666666666666
standard,"{'activation': 'tanh', 'hidden_layer_sizes': (274, 177, 129, 94, 242, 55, 122)}",0.9066666666666666
standard,"{'activation': 'tanh', 'hidden_layer_sizes': (274, 177, 129, 94, 242, 55, 142)}",0.9066666666666666
standard,"{'activation': 'tanh', 'hidden_layer_sizes': (274, 177, 129, 94, 242, 55, 205)}",0.9066666666666666
standard,"{'activation': 'tanh', 'hidden_layer_sizes': (274, 177, 129, 94, 242, 55, 259)}",0.9066666666666666
standard,"{'activation': 'tanh', 'hidden_layer_sizes': (274, 177, 129, 94, 242, 55, 285)}",0.9066666666666666
standard,"{'activation': 'tanh', 'hidden_layer_sizes': (274, 177, 129, 94, 242, 55, 22)}",0.9055555555555556
standard,"{'activation': 'tanh', 'hidden_layer_sizes': (274, 177, 129, 94, 242, 55, 66)}",0.9055555555555556
standard,"{'activation': 'tanh', 'hidden_layer_sizes': (274, 177, 129, 94, 242, 55, 143)}",0.9055555555555556
standard,"{'activation': 'tanh', 'hidden_layer_sizes': (274, 177, 129, 94, 242, 55, 153)}",0.9055555555555556
standard,"{'activation': 'tanh', 'hidden_layer_sizes': (274, 177, 129, 94, 242, 55, 188)}",0.9055555555555556
standard,"{'activation': 'tanh', 'hidden_layer_sizes': (274, 177, 129, 94, 242, 55, 208)}",0.9055555555555556
standard,"{'activation': 'tanh', 'hidden_layer_sizes': (274, 177, 129, 94, 242, 55, 219)}",0.9055555555555556
standard,"{'activation': 'tanh', 'hidden_layer_sizes': (274, 177, 129, 94, 242, 55, 238)}",0.9055555555555556
standard,"{'activation': 'tanh', 'hidden_layer_sizes': (274, 177, 129, 94, 242, 55, 280)}",0.9055555555555556
standard,"{'activation': 'tanh', 'hidden_layer_sizes': (274, 177, 129, 94, 242, 55, 8)}",0.9044444444444445
standard,"{'activation': 'tanh', 'hidden_layer_sizes': (274, 177, 129, 94, 242, 55, 23)}",0.9044444444444445
standard,"{'activation': 'tanh', 'hidden_layer_sizes': (274, 177, 129, 94, 242, 55, 30)}",0.9044444444444445
standard,"{'activation': 'tanh', 'hidden_layer_sizes': (274, 177, 129, 94, 242, 55, 95)}",0.9044444444444445
standard,"{'activation': 'tanh', 'hidden_layer_sizes': (274, 177, 129, 94, 242, 55, 137)}",0.9044444444444445
standard,"{'activation': 'tanh', 'hidden_layer_sizes': (274, 177, 129, 94, 242, 55, 155)}",0.9044444444444445
standard,"{'activation': 'tanh', 'hidden_layer_sizes': (274, 177, 129, 94, 242, 55, 236)}",0.9044444444444445
standard,"{'activation': 'tanh', 'hidden_layer_sizes': (274, 177, 129, 94, 242, 55, 241)}",0.9044444444444445
standard,"{'activation': 'tanh', 'hidden_layer_sizes': (274, 177, 129, 94, 242, 55, 264)}",0.9044444444444445
standard,"{'activation': 'tanh', 'hidden_layer_sizes': (274, 177, 129, 94, 242, 55, 43)}",0.9033333333333333
standard,"{'activation': 'tanh', 'hidden_layer_sizes': (274, 177, 129, 94, 242, 55, 59)}",0.9033333333333333
standard,"{'activation': 'tanh', 'hidden_layer_sizes': (274, 177, 129, 94, 242, 55, 103)}",0.9033333333333333
standard,"{'activation': 'tanh', 'hidden_layer_sizes': (274, 177, 129, 94, 242, 55, 281)}",0.9033333333333333
standard,"{'activation': 'tanh', 'hidden_layer_sizes': (274, 177, 129, 94, 242, 55, 299)}",0.9033333333333333
standard,"{'activation': 'tanh', 'hidden_layer_sizes': (274, 177, 129, 94, 242, 55, 5)}",0.9022222222222223
standard,"{'activation': 'tanh', 'hidden_layer_sizes': (274, 177, 129, 94, 242, 55, 9)}",0.9022222222222223
standard,"{'activation': 'tanh', 'hidden_layer_sizes': (274, 177, 129, 94, 242, 55, 39)}",0.9022222222222223
standard,"{'activation': 'tanh', 'hidden_layer_sizes': (274, 177, 129, 94, 242, 55, 73)}",0.9022222222222223
standard,"{'activation': 'tanh', 'hidden_layer_sizes': (274, 177, 129, 94, 242, 55, 172)}",0.9022222222222223
standard,"{'activation': 'tanh', 'hidden_layer_sizes': (274, 177, 129, 94, 242, 55, 296)}",0.9022222222222223
standard,"{'activation': 'tanh', 'hidden_layer_sizes': (274, 177, 129, 94, 242, 55, 26)}",0.9011111111111111
standard,"{'activation': 'tanh', 'hidden_layer_sizes': (274, 177, 129, 94, 242, 55, 54)}",0.9011111111111111
standard,"{'activation': 'tanh', 'hidden_layer_sizes': (274, 177, 129, 94, 242, 55, 70)}",0.9011111111111111
standard,"{'activation': 'tanh', 'hidden_layer_sizes': (274, 177, 129, 94, 242, 55, 173)}",0.9011111111111111
standard,"{'activation': 'tanh', 'hidden_layer_sizes': (274, 177, 129, 94, 242, 55, 197)}",0.9011111111111111
standard,"{'activation': 'tanh', 'hidden_layer_sizes': (274, 177, 129, 94, 242, 55, 282)}",0.9011111111111111
standard,"{'activation': 'tanh', 'hidden_layer_sizes': (274, 177, 129, 94, 242, 55, 55)}",0.9
standard,"{'activation': 'tanh', 'hidden_layer_sizes': (274, 177, 129, 94, 242, 55, 67)}",0.9
standard,"{'activation': 'tanh', 'hidden_layer_sizes': (274, 177, 129, 94, 242, 55, 185)}",0.9
standard,"{'activation': 'tanh', 'hidden_layer_sizes': (274, 177, 129, 94, 242, 55, 210)}",0.9
standard,"{'activation': 'tanh', 'hidden_layer_sizes': (274, 177, 129, 94, 242, 55, 44)}",0.8988888888888888
standard,"{'activation': 'tanh', 'hidden_layer_sizes': (274, 177, 129, 94, 242, 55, 100)}",0.8988888888888888
standard,"{'activation': 'tanh', 'hidden_layer_sizes': (274, 177, 129, 94, 242, 55, 114)}",0.8988888888888888
standard,"{'activation': 'tanh', 'hidden_layer_sizes': (274, 177, 129, 94, 242, 55, 192)}",0.8988888888888888
standard,"{'activation': 'tanh', 'hidden_layer_sizes': (274, 177, 129, 94, 242, 55, 295)}",0.8988888888888888
standard,"{'activation': 'tanh', 'hidden_layer_sizes': (274, 177, 129, 94, 242, 55, 75)}",0.8977777777777778
standard,"{'activation': 'tanh', 'hidden_layer_sizes': (274, 177, 129, 94, 242, 55, 123)}",0.8977777777777778
standard,"{'activation': 'tanh', 'hidden_layer_sizes': (274, 177, 129, 94, 242, 55, 145)}",0.8966666666666666
standard,"{'activation': 'tanh', 'hidden_layer_sizes': (274, 177, 129, 94, 242, 55, 293)}",0.8966666666666666
standard,"{'activation': 'tanh', 'hidden_layer_sizes': (274, 177, 129, 94, 242, 55, 74)}",0.8955555555555555
standard,"{'activation': 'tanh', 'hidden_layer_sizes': (274, 177, 129, 94, 242, 55, 231)}",0.8955555555555555
standard,"{'activation': 'tanh', 'hidden_layer_sizes': (274, 177, 129, 94, 242, 55, 34)}",0.8944444444444445
standard,"{'activation': 'tanh', 'hidden_layer_sizes': (274, 177, 129, 94, 242, 55, 46)}",0.8944444444444445
standard,"{'activation': 'tanh', 'hidden_layer_sizes': (274, 177, 129, 94, 242, 55, 117)}",0.8944444444444445
standard,"{'activation': 'tanh', 'hidden_layer_sizes': (274, 177, 129, 94, 242, 55, 191)}",0.8944444444444445
standard,"{'activation': 'tanh', 'hidden_layer_sizes': (274, 177, 129, 94, 242, 55, 17)}",0.8933333333333333
standard,"{'activation': 'tanh', 'hidden_layer_sizes': (274, 177, 129, 94, 242, 55, 32)}",0.8933333333333333
standard,"{'activation': 'tanh', 'hidden_layer_sizes': (274, 177, 129, 94, 242, 55, 56)}",0.8933333333333333
standard,"{'activation': 'tanh', 'hidden_layer_sizes': (274, 177, 129, 94, 242, 55, 71)}",0.8933333333333333
standard,"{'activation': 'tanh', 'hidden_layer_sizes': (274, 177, 129, 94, 242, 55, 194)}",0.8933333333333333
standard,"{'activation': 'tanh', 'hidden_layer_sizes': (274, 177, 129, 94, 242, 55, 229)}",0.8933333333333333
standard,"{'activation': 'tanh', 'hidden_layer_sizes': (274, 177, 129, 94, 242, 55, 157)}",0.8922222222222222
standard,"{'activation': 'tanh', 'hidden_layer_sizes': (274, 177, 129, 94, 242, 55, 237)}",0.8922222222222222
standard,"{'activation': 'tanh', 'hidden_layer_sizes': (274, 177, 129, 94, 242, 55, 260)}",0.8922222222222222
standard,"{'activation': 'tanh', 'hidden_layer_sizes': (274, 177, 129, 94, 242, 55, 21)}",0.8911111111111111
standard,"{'activation': 'tanh', 'hidden_layer_sizes': (274, 177, 129, 94, 242, 55, 162)}",0.8911111111111111
standard,"{'activation': 'tanh', 'hidden_layer_sizes': (274, 177, 129, 94, 242, 55, 181)}",0.8911111111111111
standard,"{'activation': 'tanh', 'hidden_layer_sizes': (274, 177, 129, 94, 242, 55, 93)}",0.89
standard,"{'activation': 'tanh', 'hidden_layer_sizes': (274, 177, 129, 94, 242, 55, 284)}",0.89
standard,"{'activation': 'tanh', 'hidden_layer_sizes': (274, 177, 129, 94, 242, 55, 97)}",0.8877777777777778
standard,"{'activation': 'tanh', 'hidden_layer_sizes': (274, 177, 129, 94, 242, 55, 179)}",0.8877777777777778
standard,"{'activation': 'tanh', 'hidden_layer_sizes': (274, 177, 129, 94, 242, 55, 251)}",0.8877777777777778
standard,"{'activation': 'tanh', 'hidden_layer_sizes': (274, 177, 129, 94, 242, 55, 268)}",0.8877777777777778
standard,"{'activation': 'tanh', 'hidden_layer_sizes': (274, 177, 129, 94, 242, 55, 36)}",0.8866666666666667
standard,"{'activation': 'tanh', 'hidden_layer_sizes': (274, 177, 129, 94, 242, 55, 116)}",0.8866666666666667
standard,"{'activation': 'tanh', 'hidden_layer_sizes': (274, 177, 129, 94, 242, 55, 45)}",0.8855555555555555
standard,"{'activation': 'tanh', 'hidden_layer_sizes': (274, 177, 129, 94, 242, 55, 86)}",0.8855555555555555
standard,"{'activation': 'tanh', 'hidden_layer_sizes': (274, 177, 129, 94, 242, 55, 98)}",0.8855555555555555
standard,"{'activation': 'tanh', 'hidden_layer_sizes': (274, 177, 129, 94, 242, 55, 178)}",0.8855555555555555
standard,"{'activation': 'tanh', 'hidden_layer_sizes': (274, 177, 129, 94, 242, 55, 190)}",0.8855555555555555
standard,"{'activation': 'tanh', 'hidden_layer_sizes': (274, 177, 129, 94, 242, 55, 6)}",0.8844444444444445
standard,"{'activation': 'tanh', 'hidden_layer_sizes': (274, 177, 129, 94, 242, 55, 80)}",0.8844444444444445
standard,"{'activation': 'tanh', 'hidden_layer_sizes': (274, 177, 129, 94, 242, 55, 84)}",0.8844444444444445
standard,"{'activation': 'tanh', 'hidden_layer_sizes': (274, 177, 129, 94, 242, 55, 154)}",0.8833333333333333
standard,"{'activation': 'tanh', 'hidden_layer_sizes': (274, 177, 129, 94, 242, 55, 291)}",0.8822222222222222
standard,"{'activation': 'tanh', 'hidden_layer_sizes': (274, 177, 129, 94, 242, 55, 297)}",0.8822222222222222
standard,"{'activation': 'tanh', 'hidden_layer_sizes': (274, 177, 129, 94, 242, 55, 89)}",0.8811111111111111
standard,"{'activation': 'tanh', 'hidden_layer_sizes': (274, 177, 129, 94, 242, 55, 228)}",0.8811111111111111
standard,"{'activation': 'tanh', 'hidden_layer_sizes': (274, 177, 129, 94, 242, 55, 245)}",0.8811111111111111
standard,"{'activation': 'tanh', 'hidden_layer_sizes': (274, 177, 129, 94, 242, 55, 60)}",0.88
standard,"{'activation': 'tanh', 'hidden_layer_sizes': (274, 177, 129, 94, 242, 55, 288)}",0.88
standard,"{'activation': 'tanh', 'hidden_layer_sizes': (274, 177, 129, 94, 242, 55, 19)}",0.8788888888888889
standard,"{'activation': 'tanh', 'hidden_layer_sizes': (274, 177, 129, 94, 242, 55, 42)}",0.8777777777777778
standard,"{'activation': 'tanh', 'hidden_layer_sizes': (274, 177, 129, 94, 242, 55, 156)}",0.8777777777777778
standard,"{'activation': 'tanh', 'hidden_layer_sizes': (274, 177, 129, 94, 242, 55, 167)}",0.8777777777777778
standard,"{'activation': 'tanh', 'hidden_layer_sizes': (274, 177, 129, 94, 242, 55, 196)}",0.8777777777777778
standard,"{'activation': 'tanh', 'hidden_layer_sizes': (274, 177, 129, 94, 242, 55, 278)}",0.8744444444444445
standard,"{'activation': 'tanh', 'hidden_layer_sizes': (274, 177, 129, 94, 242, 55, 37)}",0.8722222222222222
standard,"{'activation': 'tanh', 'hidden_layer_sizes': (274, 177, 129, 94, 242, 55, 150)}",0.8722222222222222
standard,"{'activation': 'tanh', 'hidden_layer_sizes': (274, 177, 129, 94, 242, 55, 249)}",0.8722222222222222
standard,"{'activation': 'tanh', 'hidden_layer_sizes': (274, 177, 129, 94, 242, 55, 254)}",0.8722222222222222
standard,"{'activation': 'tanh', 'hidden_layer_sizes': (274, 177, 129, 94, 242, 55, 87)}",0.8711111111111111
standard,"{'activation': 'tanh', 'hidden_layer_sizes': (274, 177, 129, 94, 242, 55, 107)}",0.8711111111111111
standard,"{'activation': 'tanh', 'hidden_layer_sizes': (274, 177, 129, 94, 242, 55, 198)}",0.8711111111111111
standard,"{'activation': 'tanh', 'hidden_layer_sizes': (274, 177, 129, 94, 242, 55, 140)}",0.87
standard,"{'activation': 'tanh', 'hidden_layer_sizes': (274, 177, 129, 94, 242, 55, 226)}",0.87
standard,"{'activation': 'tanh', 'hidden_layer_sizes': (274, 177, 129, 94, 242, 55, 129)}",0.8688888888888889
standard,"{'activation': 'tanh', 'hidden_layer_sizes': (274, 177, 129, 94, 242, 55, 207)}",0.8688888888888889
standard,"{'activation': 'tanh', 'hidden_layer_sizes': (274, 177, 129, 94, 242, 55, 252)}",0.8677777777777778
standard,"{'activation': 'tanh', 'hidden_layer_sizes': (274, 177, 129, 94, 242, 55, 149)}",0.8666666666666667
standard,"{'activation': 'tanh', 'hidden_layer_sizes': (274, 177, 129, 94, 242, 55, 217)}",0.8666666666666667
standard,"{'activation': 'tanh', 'hidden_layer_sizes': (274, 177, 129, 94, 242, 55, 276)}",0.8666666666666667
standard,"{'activation': 'tanh', 'hidden_layer_sizes': (274, 177, 129, 94, 242, 55, 124)}",0.8655555555555555
standard,"{'activation': 'tanh', 'hidden_layer_sizes': (274, 177, 129, 94, 242, 55, 139)}",0.8655555555555555
standard,"{'activation': 'tanh', 'hidden_layer_sizes': (274, 177, 129, 94, 242, 55, 112)}",0.8644444444444445
standard,"{'activation': 'tanh', 'hidden_layer_sizes': (274, 177, 129, 94, 242, 55, 177)}",0.8633333333333333
standard,"{'activation': 'tanh', 'hidden_layer_sizes': (274, 177, 129, 94, 242, 55, 193)}",0.8633333333333333
standard,"{'activation': 'tanh', 'hidden_layer_sizes': (274, 177, 129, 94, 242, 55, 223)}",0.8633333333333333
standard,"{'activation': 'tanh', 'hidden_layer_sizes': (274, 177, 129, 94, 242, 55, 216)}",0.8622222222222222
standard,"{'activation': 'tanh', 'hidden_layer_sizes': (274, 177, 129, 94, 242, 55, 274)}",0.8622222222222222
standard,"{'activation': 'tanh', 'hidden_layer_sizes': (274, 177, 129, 94, 242, 55, 286)}",0.8622222222222222
standard,"{'activation': 'tanh', 'hidden_layer_sizes': (274, 177, 129, 94, 242, 55, 105)}",0.8611111111111112
standard,"{'activation': 'tanh', 'hidden_layer_sizes': (274, 177, 129, 94, 242, 55, 199)}",0.8611111111111112
standard,"{'activation': 'tanh', 'hidden_layer_sizes': (274, 177, 129, 94, 242, 55, 13)}",0.86
standard,"{'activation': 'tanh', 'hidden_layer_sizes': (274, 177, 129, 94, 242, 55, 261)}",0.86
standard,"{'activation': 'tanh', 'hidden_layer_sizes': (274, 177, 129, 94, 242, 55, 29)}",0.8577777777777778
standard,"{'activation': 'tanh', 'hidden_layer_sizes': (274, 177, 129, 94, 242, 55, 83)}",0.8566666666666667
standard,"{'activation': 'tanh', 'hidden_layer_sizes': (274, 177, 129, 94, 242, 55, 131)}",0.8566666666666667
standard,"{'activation': 'tanh', 'hidden_layer_sizes': (274, 177, 129, 94, 242, 55, 148)}",0.8566666666666667
standard,"{'activation': 'tanh', 'hidden_layer_sizes': (274, 177, 129, 94, 242, 55, 230)}",0.8566666666666667
standard,"{'activation': 'tanh', 'hidden_layer_sizes': (274, 177, 129, 94, 242, 55, 201)}",0.8555555555555555
standard,"{'activation': 'tanh', 'hidden_layer_sizes': (274, 177, 129, 94, 242, 55, 77)}",0.8544444444444445
standard,"{'activation': 'tanh', 'hidden_layer_sizes': (274, 177, 129, 94, 242, 55, 50)}",0.8533333333333334
standard,"{'activation': 'tanh', 'hidden_layer_sizes': (274, 177, 129, 94, 242, 55, 292)}",0.8533333333333334
standard,"{'activation': 'tanh', 'hidden_layer_sizes': (274, 177, 129, 94, 242, 55, 10)}",0.85
standard,"{'activation': 'tanh', 'hidden_layer_sizes': (274, 177, 129, 94, 242, 55, 147)}",0.8488888888888889
standard,"{'activation': 'tanh', 'hidden_layer_sizes': (274, 177, 129, 94, 242, 55, 182)}",0.8477777777777777
standard,"{'activation': 'tanh', 'hidden_layer_sizes': (274, 177, 129, 94, 242, 55, 218)}",0.8477777777777777
standard,"{'activation': 'tanh', 'hidden_layer_sizes': (274, 177, 129, 94, 242, 55, 109)}",0.8455555555555555
standard,"{'activation': 'tanh', 'hidden_layer_sizes': (274, 177, 129, 94, 242, 55, 262)}",0.8455555555555555
standard,"{'activation': 'tanh', 'hidden_layer_sizes': (274, 177, 129, 94, 242, 55, 270)}",0.8455555555555555
standard,"{'activation': 'tanh', 'hidden_layer_sizes': (274, 177, 129, 94, 242, 55, 244)}",0.8444444444444444
standard,"{'activation': 'tanh', 'hidden_layer_sizes': (274, 177, 129, 94, 242, 55, 240)}",0.8411111111111111
standard,"{'activation': 'tanh', 'hidden_layer_sizes': (274, 177, 129, 94, 242, 55, 138)}",0.8388888888888889
standard,"{'activation': 'tanh', 'hidden_layer_sizes': (274, 177, 129, 94, 242, 55, 209)}",0.8388888888888889
standard,"{'activation': 'tanh', 'hidden_layer_sizes': (274, 177, 129, 94, 242, 55, 267)}",0.8388888888888889
standard,"{'activation': 'tanh', 'hidden_layer_sizes': (274, 177, 129, 94, 242, 55, 113)}",0.8366666666666667
standard,"{'activation': 'tanh', 'hidden_layer_sizes': (274, 177, 129, 94, 242, 55, 119)}",0.8366666666666667
standard,"{'activation': 'tanh', 'hidden_layer_sizes': (274, 177, 129, 94, 242, 55, 253)}",0.8311111111111111
standard,"{'activation': 'tanh', 'hidden_layer_sizes': (274, 177, 129, 94, 242, 55, 246)}",0.8288888888888889
standard,"{'activation': 'tanh', 'hidden_layer_sizes': (274, 177, 129, 94, 242, 55, 47)}",0.8277777777777777
standard,"{'activation': 'tanh', 'hidden_layer_sizes': (274, 177, 129, 94, 242, 55, 115)}",0.8277777777777777
standard,"{'activation': 'tanh', 'hidden_layer_sizes': (274, 177, 129, 94, 242, 55, 221)}",0.8277777777777777
standard,"{'activation': 'tanh', 'hidden_layer_sizes': (274, 177, 129, 94, 242, 55, 81)}",0.8266666666666667
standard,"{'activation': 'tanh', 'hidden_layer_sizes': (274, 177, 129, 94, 242, 55, 27)}",0.8244444444444444
standard,"{'activation': 'tanh', 'hidden_layer_sizes': (274, 177, 129, 94, 242, 55, 171)}",0.8144444444444444
standard,"{'activation': 'tanh', 'hidden_layer_sizes': (274, 177, 129, 94, 242, 55, 211)}",0.8144444444444444
standard,"{'activation': 'tanh', 'hidden_layer_sizes': (274, 177, 129, 94, 242, 55, 289)}",0.8144444444444444
standard,"{'activation': 'tanh', 'hidden_layer_sizes': (274, 177, 129, 94, 242, 55, 234)}",0.8088888888888889
standard,"{'activation': 'tanh', 'hidden_layer_sizes': (274, 177, 129, 94, 242, 55, 12)}",0.74
standard,"{'activation': 'tanh', 'hidden_layer_sizes': (274, 177, 129, 94, 242, 55, 1)}",0.19444444444444445
